sentence,isdefault
sentence,isdefault
sentence,isdefault
sentence,isdefault
sentence,isdefault
sentence,isdefault
sentence,isdefault
sentence,isdefault
sentence,isdefault
sentence,isdefault
sentence,isdefault
sentence,isdefault
sentence,isdefault
sentence,isdefault
sentence,isdefault
sentence,isdefault
sentence,isdefault
sentence,isdefault
sentence,isdefault
sentence,isdefault
sentence,isdefault
sentence,isdefault
sentence,isdefault
sentence,isdefault
sentence,isdefault
sentence,isdefault
sentence,isdefault
sentence,isdefault
sentence,isdefault
sentence,isdefault
sentence,isdefault
sentence,isdefault
sentence,isdefault
sentence,isdefault
sentence,isdefault
sentence,isdefault
sentence,isdefault
sentence,isdefault
sentence,isdefault
sentence,isdefault
sentence,isdefault
sentence,isdefault
sentence,isdefault
sentence,isdefault
sentence,isdefault
sentence,isdefault
sentence,isdefault
sentence,isdefault
sentence,isdefault
sentence,isdefault
sentence,isdefault
